Buoy,Vessel,Environment,Line,Winch,Link
X,X,Elevation,Effective Tension,X,Tension
Y,Y,Velocity,Wall Tension,Y,Length
Z,Z,X Velocity,Normalised Tension,Z,Velocity
Rotation 1,Rotation 1,Y Velocity,Direct Tensile Strain,Tension,Azimuth
Rotation 2,Rotation 2,Z Velocity,Max Bending Strain,Length,Declination
Rotation 3,Rotation 3,Acceleration,Worst ZZ Strain,Stretched Length,End A X
Azimuth,Sea Surface Clearance,X Acceleration,ZZ Strain,Velocity,End A Y
Declination,Velocity,Y Acceleration,Contents Density,Azimuth,End A Z
Velocity,GX-Velocity,Z Acceleration,Bend Moment,Declination,End B X
GX-Velocity,GY-Velocity,Current Speed,x-Bend Moment,Connection Force,End B Y
GY-Velocity,GZ-Velocity,Current Direction,y-Bend Moment,Connection GX-Force,End B Z
GZ-Velocity,Angular Velocity,Wind Speed,Bend Moment component,Connection GY-Force,
Angular Velocity,x-Angular Velocity,Wind Direction,In-plane Bend Moment,Connection GZ-Force,
x-Angular Velocity,y-Angular Velocity,Static Pressure,Out-of-plane Bend Moment,,
y-Angular Velocity,z-Angular Velocity,Density,Curvature,,
z-Angular Velocity,Acceleration,,Normalised Curvature,,
Acceleration,GX-Acceleration,,x-Curvature,,
GX-Acceleration,GY-Acceleration,,y-Curvature,,
GY-Acceleration,GZ-Acceleration,,Curvature component,,
GZ-Acceleration,Acceleration rel. g,,In-plane Curvature,,
Acceleration rel. g,x-Acceleration rel. g,,Out-of-plane Curvature,,
x-Acceleration rel. g,y-Acceleration rel. g,,Bend Radius,,
y-Acceleration rel. g,z-Acceleration rel. g,,x-Bend Radius,,
z-Acceleration rel. g,Angular Acceleration,,y-Bend Radius,,
Angular Acceleration,x-Angular Acceleration,,Bend Radius component,,
x-Angular Acceleration,y-Angular Acceleration,,In-plane Bend Radius,,
y-Angular Acceleration,z-Angular Acceleration,,Out-of-plane Bend Radius,,
z-Angular Acceleration,Primary X,,Shear Force,,
Dry Length,Primary Y,,x-Shear Force,,
Sea Surface Z,Primary Z,,y-Shear Force,,
Sea Velocity,Primary Rotation 1,,Shear Force component,,
Sea X Velocity,Primary Rotation 2,,In-plane Shear Force,,
Sea Y Velocity,Primary Rotation 3,,Out-of-plane Shear Force,,
Sea Z Velocity,Sea Surface Z,,Max von Mises Stress,,
Sea Acceleration,Total Force,,Max Bending Stress,,
Sea X Acceleration,Total Lx-Force,,Worst ZZ Stress,,
Sea Y Acceleration,Total Ly-Force,,Direct Tensile Stress,,
Sea Z Acceleration,Total Lz-Force,,Worst Hoop Stress,,
Applied Force,Total Moment,,Max xy-Shear Stress,,
Applied Lx-Force,Total Lx-Moment,,Internal Pressure,,
Applied Ly-Force,Total Ly-Moment,,External Pressure,,
Applied Lz-Force,Total Lz-Moment,,Net Internal Pressure,,
Applied Moment,Connections Force,,von Mises Stress,,
Applied Lx-Moment,Connections Lx-Force,,RR Stress,,
Applied Ly-Moment,Connections Ly-Force,,CC Stress,,
Applied Lz-Moment,Connections Lz-Force,,ZZ Stress,,
Force,Connections Moment,,RC Stress,,
Lx-Force,Connections Lx-Moment,,RZ Stress,,
Ly-Force,Connections Ly-Moment,,CZ Stress,,
Lz-Force,Connections Lz-Moment,,,,
GX-Force,Connections GX-Force,,,,
GY-Force,Connections GY-Force,,,,
GZ-Force,Connections GZ-Force,,,,
Moment,Connections GX-Moment,,,,
Lx-Moment,Connections GY-Moment,,,,
Ly-Moment,Connections GZ-Moment,,,,
Lz-Moment,Hydrostatic Stiffness Force,,,,
GX-Moment,Hydrostatic Stiffness Lx-Force,,,,
GY-Moment,Hydrostatic Stiffness Ly-Force,,,,
GZ-Moment,Hydrostatic Stiffness Lz-Force,,,,
,Hydrostatic Stiffness Moment,,,,
,Hydrostatic Stiffness Lx-Moment,,,,
,Hydrostatic Stiffness Ly-Moment,,,,
,Hydrostatic Stiffness Lz-Moment,,,,
,Wave (1st order) Force,,,,
,Wave (1st order) Lx-Force,,,,
,Wave (1st order) Ly-Force,,,,
,Wave (1st order) Lz-Force,,,,
,Wave (1st order) Moment,,,,
,Wave (1st order) Lx-Moment,,,,
,Wave (1st order) Ly-Moment,,,,
,Wave (1st order) Lz-Moment,,,,
,Wave Drift (2nd order) Force,,,,
,Wave Drift (2nd order) Lx-Force,,,,
,Wave Drift (2nd order) Ly-Force,,,,
,Wave Drift (2nd order) Lz-Force,,,,
,Wave Drift (2nd order) Moment,,,,
,Wave Drift (2nd order) Lx-Moment,,,,
,Wave Drift (2nd order) Ly-Moment,,,,
,Wave Drift (2nd order) Lz-Moment,,,,
,Added Mass & Damping Force,,,,
,Added Mass & Damping Lx-Force,,,,
,Added Mass & Damping Ly-Force,,,,
,Added Mass & Damping Lz-Force,,,,
,Added Mass & Damping Moment,,,,
,Added Mass & Damping Lx-Moment,,,,
,Added Mass & Damping Ly-Moment,,,,
,Added Mass & Damping Lz-Moment,,,,
,Current Force,,,,
,Current Lx-Force,,,,
,Current Ly-Force,,,,
,Current Lz-Force,,,,
,Current Moment,,,,
,Current Lx-Moment,,,,
,Current Ly-Moment,,,,
,Current Lz-Moment,,,,
,Wind Force,,,,
,Wind Lx-Force,,,,
,Wind Ly-Force,,,,
,Wind Lz-Force,,,,
,Wind Moment,,,,
,Wind Lx-Moment,,,,
,Wind Ly-Moment,,,,
,Wind Lz-Moment,,,,

,,,End force,,
,,,End moment,,
,,,Bend restrictor load,,
,,,End GX force,,
,,,End GY force,,
,,,End GZ force,,
,,,Horizontal end force,,
,,,End GX moment,,
,,,End GY moment,,
,,,End GZ moment,,
,,,End Lx force,,
,,,End Ly force,,
,,,End Lz force,,
,,,End Lx moment,,
,,,End Ly moment,,
,,,End Lz moment,,
,,,End Ex force,,
,,,End Ey force,,
,,,End Ez force,,
,,,End Ex moment,,
,,,End Ey moment,,
,,,End Ez moment,,
